A,Format if comparing Rev Share (+ Fixed) vs Fixed,,,,
,Metric,"Steak Hotel by Holycow (#3) — Branch Opening/Expansion: Medan [PROPOSED]
Proposed","Steak Hotel by Holycow (#2) — Working Capital, Fatmawati
Active","Steak Hotel by Holycow (#1) — Renovasi & Capex, Wolter Monginsidi
Completed",Steak Hotel by Holycow (#0.1) — Central Kitchen
,Financing Type,Revenue Share (Return-Capped),Revenue Share (Return-Capped),Fixed+Revenue Share (Time-Capped),Fixed Return
,Amount,Rp 3.100.000.000,Rp 2.000.000.000,Rp 1.500.000.000,"Rp 1,000,000,000"
,Principal Outstanding,Rp 0,Rp 1.340.000.000,Rp 300.000.000,"Rp 300,000,000"
,Revenue Share,"8% Pre-BEP
8% Post-BEP","8% Pre-BEP
8% Post-BEP","7.5% Pre-BEP
8% Post-BEP",N/A
,Cap,1.4x Investor Return Cap,1.4x Investor Return Cap,36 month Time Cap,N/A
,Fixed Amount,Rp 0,Rp 0,"Rp 500,000,000 (33% of Disbursed)
Fixed Installment: Rp 13.88 jt per month starting from branch opening","Rp 1,000,000,000 (33% of Disbursed)
Fixed Installment: 47,520,000 per month for 20 months starting from 15 May 2024"
,Target Carry,"6.5% annualized
Fixed","6.5%
Revenue Share","6.5%
Revenue Share","5%
Fixed"
,Branch Opening,Scheduled: 15 Oct 2026 (4.5 months from disbursement),"Actual: 16 Feb 2023 
(3.5 months from disbursement)
Scheduled: 15 Feb 2023 
(3.5 months from disbursement)

Diff: 0.01 months late","Actual: 16 May 2023 
(6.5 months from disbursement)
Scheduled: 15 Feb 2023 
(3.5 months from disbursement)

Diff: 3 months late",N/A
,Term,24 months,36 months,"18 months OTF
20 months original projected",4 months
,PvA,"N/A
Not Yet Started","75%
4 months","48%
12 months",N/A
,IRR,25.6% projected,"23.4% OTF
19.5% original projected","22.1% OTF
19.5% original projected","22.1% OTF
19.5% original projected"
,MOIC,"OTF MOIC: N/A
Original Projected: 1.55x 
","OTF MOIC: 1.6x
Original Projected: 1.4x 
","OTF MOIC: 1.2x
Original Projected: 1.38x
","OTF MOIC: 1.2x
Original Projected: 1.2x
"
,BEP,"OTF BEP: 12 months
Original Projected: 13 months","OTF BEP: 12 months
Original Projected: 13 months","OTF BEP: 12 months
Original Projected: 13 months","OTF BEP: 12 months
Original Projected: 13 months"
,DPD,N/A,"14 days max
- 15 Apr 2024 — 14d overdue — Paid","60 days max
- 15 Feb 2024 — 60d overdue — Paid
- 15 Dec 2023 — 15d overdue — Paid","0 days max
"
,Minimum,"Gross Up
1.2x at 36 months","Continual Rev Share
1.25x at 60 months","Gross Up
1.2x at 36 months",N/A
,Revenue Projections,"Avg/month Rp 600.740.842
Peak (Month 1) Rp 600.740.842
Floor (Month 1) Rp 600.740.842
Projection span 123 months","Avg/month Rp 300,000,000
Peak (Month 9) Rp 600,000,000
Floor (Month 1) Rp 200,000,000
Projection span 123 months","Avg/month Rp 400,000,000
Peak (Month 18) Rp 1.200,000,000
Floor (Month 1) Rp 100,000,000
Projection span 123 months",N/A
,Source of Revenue Accrued,"Sales setelah dikurangi diskon, sebelum PB1/PPN, sebelum Service Charge, sebelum komisi online dan biaya EDC/QRIS","Sales setelah dikurangi diskon, sebelum PB1/PPN, sebelum Service Charge, sebelum komisi online dan biaya EDC/QRIS","Sales setelah dikurangi diskon, sebelum PB1/PPN, sebelum Service Charge, sebelum komisi online dan biaya EDC/QRIS",N/A
,Payment Frequency,"Investor Revenue Share: Monthly, 15th
Investor Fixed Payment: Monthly, 15th
Carry: Monthly, 15th
","Investor Revenue Share: Monthly, 15th
Investor Fixed Payment: Monthly, 15th
Carry: Monthly, 15th
","Investor Revenue Share: Monthly, 15th
Investor Fixed Payment: Monthly, 15th
Carry: Monthly, 15th
",Monthly
,Late Fee,"0.08% per day to investor
0.02% per day to ASN
Basis: Overdue Amount
Grace: 5 days","0.08% per day to investor
0.02% per day to ASN
Basis: Overdue Amount
Grace: 5 days","0.08% per day to investor
0.02% per day to ASN
Basis: Overdue Amount
Grace: 5 days","0.08% per day to investor
0.02% per day to ASN
Basis: Outstanding Amount
Grace: 0 days"
,Fixed Payment Investor ROIC per Month,N/A,N/A,N/A,1.60%
,Fixed Payment Total implied ROIC per Month,N/A,N/A,N/A,2.02%
,PT,PT Steak Hotel 1,PT Steak Hotel 1,PT Steak Hotel 2,PT Steak Hotel 2
,,,,,
B,Format if comparing between Rev Share (+ Fixed) projects,,,,
,Metric,"Steak Hotel by Holycow (#3) — Branch Opening/Expansion: Medan [PROPOSED]
Proposed","Steak Hotel by Holycow (#2) — Working Capital, Fatmawati
Active","Steak Hotel by Holycow (#1) — Renovasi & Capex, Wolter Monginsidi
Completed",
,Financing Type,Revenue Share (Return-Capped),Revenue Share (Return-Capped),Fixed+Revenue Share (Time-Capped),
,Amount,Rp 3.100.000.000,Rp 2.000.000.000,Rp 1.500.000.000,
,Principal Outstanding,Rp 0,Rp 1.340.000.000,Rp 300.000.000,
,Revenue Share,"8% Pre-BEP
8% Post-BEP","8% Pre-BEP
8% Post-BEP","7.5% Pre-BEP
8% Post-BEP",
,Cap,1.4x Investor Return Cap,1.4x Investor Return Cap,36 month Time Cap,
,Fixed Amount,Rp 0,Rp 0,"Rp 500,000,000 (33% of Disbursed)
Fixed Installment: Rp 13.88 jt per month starting from branch opening",
,Target Carry,"6.5%
Fixed","6.5%
Revenue Share","6.5%
Revenue Share",
,Branch Opening,Scheduled: 15 Oct 2026 (4.5 months from disbursement),"Actual: 16 Feb 2023 
(3.5 months from disbursement)
Scheduled: 15 Feb 2023 
(3.5 months from disbursement)

Diff: 0.01 months late","Actual: 16 May 2023 
(6.5 months from disbursement)
Scheduled: 15 Feb 2023 
(3.5 months from disbursement)

Diff: 3 months late",
,Term,24 months,36 months,"18 months OTF
20 months original projected",
,PvA,"N/A
Not Yet Started","75%
4 months","48%
12 months",
,IRR,25.6% projected,"23.4% OTF
19.5% original projected","22.1% OTF
19.5% original projected",
,MOIC,"OTF MOIC: N/A
Original Projected: 1.55x 
","OTF MOIC: 1.6x
Original Projected: 1.4x 
","OTF MOIC: 1.2x
Original Projected: 1.38x
",
,BEP,"OTF BEP: 12 months
Original Projected: 13 months","OTF BEP: 12 months
Original Projected: 13 months","OTF BEP: 12 months
Original Projected: 13 months",
,DPD,N/A,"14 days max
- 15 Apr 2024 — 14d overdue — Paid","60 days max
- 15 Feb 2024 — 60d overdue — Paid
- 15 Dec 2023 — 15d overdue — Paid",
,Minimum,"Gross Up
1.2x at 36 months","Continual Rev Share
1.25x","Gross Up
1.2x at 36 months",
,Revenue Projections,"Avg/month Rp 600.740.842
Peak (Month 1) Rp 600.740.842
Floor (Month 1) Rp 600.740.842
Projection span 123 months","Avg/month Rp 300,000,000
Peak (Month 9) Rp 600,000,000
Floor (Month 1) Rp 200,000,000
Projection span 123 months","Avg/month Rp 400,000,000
Peak (Month 18) Rp 1.200,000,000
Floor (Month 1) Rp 100,000,000
Projection span 123 months",
,Source of Revenue Accrued,"Sales setelah dikurangi diskon, sebelum PB1/PPN, sebelum Service Charge, sebelum komisi online dan biaya EDC/QRIS","Sales setelah dikurangi diskon, sebelum PB1/PPN, sebelum Service Charge, sebelum komisi online dan biaya EDC/QRIS","Sales setelah dikurangi diskon, sebelum PB1/PPN, sebelum Service Charge, sebelum komisi online dan biaya EDC/QRIS",
,Payment Frequency,"Investor Revenue Share: Monthly, 15th
Investor Fixed Payment: Monthly, 15th
Carry: Monthly, 15th
","Investor Revenue Share: Monthly, 15th
Investor Fixed Payment: Monthly, 15th
Carry: Monthly, 15th
","Investor Revenue Share: Monthly, 15th
Investor Fixed Payment: Monthly, 15th
Carry: Monthly, 15th
",
,Late Fee,"0.08% per day to investor
0.02% per day to ASN
Basis: Overdue Amount
Grace: 5 days","0.08% per day to investor
0.02% per day to ASN
Basis: Overdue Amount
Grace: 5 days","0.08% per day to investor
0.02% per day to ASN
Basis: Overdue Amount
Grace: 5 days",
,PT,PT Steak Hotel 1,PT Steak Hotel 1,PT Steak Hotel 2,
,,,,,
C,Format if comparing between Fixed projects,,,,
,Metric,Steak Hotel by Holycow (#0.1) — Central Kitchen,,,
,Financing Type,Fixed Return,,,
,Amount,"Rp 1,000,000,000",,,
,Principal Outstanding,"Rp 300,000,000",,,
,Fixed Amount,"Rp 1,000,000,000 (33% of Disbursed)
Fixed Installment: 47,520,000 per month for 20 months starting from 15 May 2024",,,
,Target Carry,"5%
Fixed",,,
,Term,4 months,,,
,IRR,"22.1% OTF
19.5% original projected",,,
,MOIC,"OTF MOIC: 1.2x
Original Projected: 1.2x
",,,
,BEP,"OTF BEP: 12 months
Original Projected: 13 months",,,
,DPD,"0 days max
",,,
,Payment Frequency,Monthly,,,
,Late Fee,"0.08% per day to investor
0.02% per day to ASN
Basis: Outstanding Amount
Grace: 0 days",,,
,Fixed Payment Investor ROIC per Month,1.60%,,,
,Fixed Payment Total implied ROIC per Month,2.02%,,,
,PT,PT Steak Hotel 1,,,
,,,,,
D,Format if comparing between Daily Interest projects,,,,
,Metric,Steak Hotel by Holycow (#6) - PO Financing,Steak Hotel by Holycow (#5) - PO Financing,,
,Financing Type,PO ,PO ,,
,Amount,Rp 1.500.000.000,Rp 1.500.000.000,,
,Principal Outstanding,N/A,Rp 1.500.000.000,,
,Target Carry,"0.6% per 30 days
Fixed","0.6% per 30 days
Fixed",,
,Term,60 days,60 days,,
,IRR,"22.1% OTF
19.5% original projected","22.1% OTF
19.5% original projected",,
,MOIC,"OTF MOIC: 1.2x
Original Projected: 1.38x
","OTF MOIC: 1.2x
Original Projected: 1.38x
",,
,DPD,N/A,"60 days max
- 15 Feb 2024 — 60d overdue — Paid
- 15 Dec 2023 — 15d overdue — Paid",,
,Late Fee,"0.053333% per day to investor
0.02% per day to ASN
Basis: Overdue Amount
Grace: 5 days","0.053333% per day to investor
0.02% per day to ASN
Basis: Overdue Amount
Grace: 5 days",,
,Fixed Payment Investor ROIC per Month,1.6% per 30 days,1.6% per 30 days,,
,Fixed Payment Total implied ROIC per Month,2.2% per 30 days,2.2% per 30 days,,
,Minimum Payment Period,30 days,30 days,,Always show this field if combination of projects has any Daily Interest
,PT,PT Steak Hotel 1,PT Steak Hotel 1,,
,,,,,
E,Format if Fixed vs. Daily Interest projects,,,,
,Metric,Steak Hotel by Holycow (#0.1) — Central Kitchen,Steak Hotel by Holycow (#6) - PO Financing,,
,Financing Type,Fixed Return,PO ,,
,Amount,"Rp 1,000,000,000",Rp 1.500.000.000,,
,Principal Outstanding,"Rp 300,000,000",Rp 1.500.000.000,,
,Fixed Amount,"Rp 1,000,000,000 (33% of Disbursed)
Fixed Installment: 47,520,000 per month for 20 months starting from 15 May 2024",N/A,,
,Target Carry,"5%
Fixed","0.6% per 30 days
Fixed",,
,Term,4 months,60 days,,
,IRR,"22.1% OTF
19.5% original projected","22.1% OTF
19.5% original projected",,
,MOIC,"OTF MOIC: 1.2x
Original Projected: 1.2x
","OTF MOIC: 1.2x
Original Projected: 1.38x
",,
,BEP,"OTF BEP: 12 months
Original Projected: 13 months",N/A,,
,DPD,"0 days max
","60 days max
- 15 Feb 2024 — 60d overdue — Paid
- 15 Dec 2023 — 15d overdue — Paid",,
,Payment Frequency,Monthly,N/A,,
,Late Fee,"0.08% per day to investor
0.02% per day to ASN
Basis: Outstanding Amount
Grace: 0 days","0.053333% per day to investor
0.02% per day to ASN
Basis: Overdue Amount
Grace: 5 days",,
,Fixed Payment Investor ROIC per Month,1.60%,1.6% per 30 days,,
,Fixed Payment Total implied ROIC per Month,2.02%,2.2% per 30 days,,
,Minimum Payment Period,,,,
,PT,PT Steak Hotel 1,,,
,,,,,
,,,,,
,,,,,
,,,,,
,,,,,
,,,,,
,,,,,
,,,,,
,,,,,
A,Comparing Rev Share (+ Fixed) vs Fixed,"Maju #4 - Working Capital
",,,
B,Comparing between Rev Share (+ Fixed) projects,"Steak Hotel by Holycow Medan:  
",,,
C,Comparing between Fixed projects,"Shushu (#1) - Branch Renovation
",,,
D,Comparing between Daily Interest projects,"Cahaya Energi Asia - Aztech #1
",,,
E,Comparing Fixed vs. Daily Interest projects,Cipta Usaha Media (#26) — PO Financing: Orang Tua,,,
,Comparing All Return Projects,Mitra Agro Nusantara (#5) — Working Capital V,,,